﻿Designator,Footprint,Quantity,Value,LCSC Part #
"C1.0, C1.1, C1.2, C1.3, C1.4, C1.5, C4.0, C4.1, C4.2, C4.3, C4.4, C4.5",0402,12,20pf,C1554
"C10.0, C10.3, C13.0, C13.3, C14.0, C14.3, C15.0, C15.3, C16.0, C16.3, C17.0, C17.3, C18.0, C18.3, C2.0, C2.1, C2.2, C2.3, C2.4, C2.5, C3.0, C3.1, C3.2, C3.3, C3.4, C3.5, C6.0, C6.3, C9.0, C9.1, C9.2, C9.3, C9.4, C9.5",0402,34,0.1uF,C307331
"C11.0, C11.1, C11.2, C11.3, C11.4, C11.5, C12.0, C12.1, C12.2, C12.3, C12.4, C12.5, C8.0, C8.1, C8.2, C8.3, C8.4, C8.5",0402,18,22uf,C415703
"C19.0, C19.3, C20.0, C20.3",0402,4,1uF,C307331
"C5.0, C5.1, C5.2, C5.3, C5.4, C5.5, C7.0, C7.3",0805,8,10uF,C162422
"D1.0, D1.1, D1.2, D1.3, D1.4, D1.5, D2.0, D2.1, D2.2, D2.3, D2.4, D2.5, D3.0, D3.1, D3.3, D3.4, D4.0, D4.1, D4.2, D4.3, D4.4, D4.5",D_SOD-323,22,1N5819WS,C191023
"J1.0, J1.1, J1.2, J1.3, J1.4, J1.5",TestPoint_Pad_1.0x1.0mm_6pad,6,Conn_01x06_Pin,DNP
"J2.0, J2.1, J2.2, J2.3, J2.4, J2.5",JST_GH_SM12B-GHS-TB_1x12-1MP_P1.25mm_Horizontal,6,SM12B-GHS-TB(LF)(SN),C265421
"JP1.1, JP1.4, JP10.1, JP10.4, JP11.1, JP11.4, JP12.1, JP12.4, JP2.1, JP2.4, JP3.1, JP3.4, JP4.1, JP4.4, JP5.1, JP5.4, JP6.1, JP6.4, JP7.1, JP7.4, JP8.1, JP8.4, JP9.1, JP9.4",SolderJumper-3_P1.3mm_BridgedSMD12_0402,24,0R,C102746
"K1.2, K1.5, K2.2, K2.5",Relay_DPDT_Omron_G6K-2F-Y,4,G6K-2F-Y,C2982926
"KiKit_FID_B_1, KiKit_FID_B_2, KiKit_FID_B_3, KiKit_FID_T_1, KiKit_FID_T_2, KiKit_FID_T_3",Fiducial,6,Fiducial,
"KiKit_MB_10_1, KiKit_MB_10_2, KiKit_MB_10_3, KiKit_MB_10_4, KiKit_MB_10_5, KiKit_MB_10_6, KiKit_MB_11_1, KiKit_MB_11_2, KiKit_MB_11_3, KiKit_MB_11_4, KiKit_MB_11_5, KiKit_MB_11_6, KiKit_MB_12_1, KiKit_MB_12_2, KiKit_MB_12_3, KiKit_MB_12_4, KiKit_MB_12_5, KiKit_MB_12_6, KiKit_MB_13_1, KiKit_MB_13_2, KiKit_MB_13_3, KiKit_MB_13_4, KiKit_MB_13_5, KiKit_MB_14_1, KiKit_MB_14_2, KiKit_MB_14_3, KiKit_MB_14_4, KiKit_MB_14_5, KiKit_MB_15_1, KiKit_MB_15_2, KiKit_MB_15_3, KiKit_MB_15_4, KiKit_MB_15_5, KiKit_MB_16_1, KiKit_MB_16_2, KiKit_MB_16_3, KiKit_MB_16_4, KiKit_MB_16_5, KiKit_MB_17_1, KiKit_MB_17_2, KiKit_MB_17_3, KiKit_MB_17_4, KiKit_MB_17_5, KiKit_MB_17_6, KiKit_MB_18_1, KiKit_MB_18_2, KiKit_MB_18_3, KiKit_MB_18_4, KiKit_MB_18_5, KiKit_MB_18_6, KiKit_MB_19_1, KiKit_MB_19_2, KiKit_MB_19_3, KiKit_MB_19_4, KiKit_MB_19_5, KiKit_MB_19_6, KiKit_MB_1_1, KiKit_MB_1_2, KiKit_MB_1_3, KiKit_MB_1_4, KiKit_MB_1_5, KiKit_MB_1_6, KiKit_MB_20_1, KiKit_MB_20_2, KiKit_MB_20_3, KiKit_MB_20_4, KiKit_MB_20_5, KiKit_MB_20_6, KiKit_MB_21_1, KiKit_MB_21_2, KiKit_MB_21_3, KiKit_MB_21_4, KiKit_MB_21_5, KiKit_MB_22_1, KiKit_MB_22_2, KiKit_MB_22_3, KiKit_MB_22_4, KiKit_MB_22_5, KiKit_MB_23_1, KiKit_MB_23_2, KiKit_MB_23_3, KiKit_MB_23_4, KiKit_MB_23_5, KiKit_MB_24_1, KiKit_MB_24_2, KiKit_MB_24_3, KiKit_MB_24_4, KiKit_MB_24_5, KiKit_MB_25_1, KiKit_MB_25_2, KiKit_MB_25_3, KiKit_MB_25_4, KiKit_MB_25_5, KiKit_MB_25_6, KiKit_MB_26_1, KiKit_MB_26_2, KiKit_MB_26_3, KiKit_MB_26_4, KiKit_MB_26_5, KiKit_MB_26_6, KiKit_MB_27_1, KiKit_MB_27_2, KiKit_MB_27_3, KiKit_MB_27_4, KiKit_MB_27_5, KiKit_MB_27_6, KiKit_MB_28_1, KiKit_MB_28_2, KiKit_MB_28_3, KiKit_MB_28_4, KiKit_MB_28_5, KiKit_MB_28_6, KiKit_MB_29_1, KiKit_MB_29_2, KiKit_MB_29_3, KiKit_MB_29_4, KiKit_MB_29_5, KiKit_MB_2_1, KiKit_MB_2_2, KiKit_MB_2_3, KiKit_MB_2_4, KiKit_MB_2_5, KiKit_MB_2_6, KiKit_MB_30_1, KiKit_MB_30_2, KiKit_MB_30_3, KiKit_MB_30_4, KiKit_MB_30_5, KiKit_MB_31_1, KiKit_MB_31_2, KiKit_MB_31_3, KiKit_MB_31_4, KiKit_MB_31_5, KiKit_MB_32_1, KiKit_MB_32_2, KiKit_MB_32_3, KiKit_MB_32_4, KiKit_MB_32_5, KiKit_MB_33_1, KiKit_MB_33_2, KiKit_MB_33_3, KiKit_MB_33_4, KiKit_MB_33_5, KiKit_MB_33_6, KiKit_MB_34_1, KiKit_MB_34_2, KiKit_MB_34_3, KiKit_MB_34_4, KiKit_MB_34_5, KiKit_MB_34_6, KiKit_MB_35_1, KiKit_MB_35_2, KiKit_MB_35_3, KiKit_MB_35_4, KiKit_MB_35_5, KiKit_MB_35_6, KiKit_MB_36_1, KiKit_MB_36_2, KiKit_MB_36_3, KiKit_MB_36_4, KiKit_MB_36_5, KiKit_MB_36_6, KiKit_MB_37_1, KiKit_MB_37_2, KiKit_MB_37_3, KiKit_MB_37_4, KiKit_MB_37_5, KiKit_MB_38_1, KiKit_MB_38_2, KiKit_MB_38_3, KiKit_MB_38_4, KiKit_MB_38_5, KiKit_MB_39_1, KiKit_MB_39_2, KiKit_MB_39_3, KiKit_MB_39_4, KiKit_MB_39_5, KiKit_MB_3_1, KiKit_MB_3_2, KiKit_MB_3_3, KiKit_MB_3_4, KiKit_MB_3_5, KiKit_MB_3_6, KiKit_MB_40_1, KiKit_MB_40_2, KiKit_MB_40_3, KiKit_MB_40_4, KiKit_MB_40_5, KiKit_MB_41_1, KiKit_MB_41_2, KiKit_MB_41_3, KiKit_MB_41_4, KiKit_MB_41_5, KiKit_MB_41_6, KiKit_MB_42_1, KiKit_MB_42_2, KiKit_MB_42_3, KiKit_MB_42_4, KiKit_MB_42_5, KiKit_MB_42_6",NPTH,200,NPTH,
"KiKit_MB_43_1, KiKit_MB_43_2, KiKit_MB_43_3, KiKit_MB_43_4, KiKit_MB_43_5, KiKit_MB_43_6, KiKit_MB_44_1, KiKit_MB_44_2, KiKit_MB_44_3, KiKit_MB_44_4, KiKit_MB_44_5, KiKit_MB_44_6, KiKit_MB_45_1, KiKit_MB_45_2, KiKit_MB_45_3, KiKit_MB_45_4, KiKit_MB_45_5, KiKit_MB_46_1, KiKit_MB_46_2, KiKit_MB_46_3, KiKit_MB_46_4, KiKit_MB_46_5, KiKit_MB_47_1, KiKit_MB_47_2, KiKit_MB_47_3, KiKit_MB_47_4, KiKit_MB_47_5, KiKit_MB_48_1, KiKit_MB_48_2, KiKit_MB_48_3, KiKit_MB_48_4, KiKit_MB_48_5, KiKit_MB_49_10, KiKit_MB_49_11, KiKit_MB_49_2, KiKit_MB_49_3, KiKit_MB_49_4, KiKit_MB_49_5, KiKit_MB_49_6, KiKit_MB_49_7, KiKit_MB_49_8, KiKit_MB_49_9, KiKit_MB_4_1, KiKit_MB_4_2, KiKit_MB_4_3, KiKit_MB_4_4, KiKit_MB_4_5, KiKit_MB_4_6, KiKit_MB_50_10, KiKit_MB_50_11, KiKit_MB_50_2, KiKit_MB_50_3, KiKit_MB_50_4, KiKit_MB_50_5, KiKit_MB_50_6, KiKit_MB_50_7, KiKit_MB_50_8, KiKit_MB_50_9, KiKit_MB_51_10, KiKit_MB_51_11, KiKit_MB_51_2, KiKit_MB_51_3, KiKit_MB_51_4, KiKit_MB_51_5, KiKit_MB_51_6, KiKit_MB_51_7, KiKit_MB_51_8, KiKit_MB_51_9, KiKit_MB_52_10, KiKit_MB_52_11, KiKit_MB_52_2, KiKit_MB_52_3, KiKit_MB_52_4, KiKit_MB_52_5, KiKit_MB_52_6, KiKit_MB_52_7, KiKit_MB_52_8, KiKit_MB_52_9, KiKit_MB_53_10, KiKit_MB_53_11, KiKit_MB_53_2, KiKit_MB_53_3, KiKit_MB_53_4, KiKit_MB_53_5, KiKit_MB_53_6, KiKit_MB_53_7, KiKit_MB_53_8, KiKit_MB_53_9, KiKit_MB_54_10, KiKit_MB_54_11, KiKit_MB_54_2, KiKit_MB_54_3, KiKit_MB_54_4, KiKit_MB_54_5, KiKit_MB_54_6, KiKit_MB_54_7, KiKit_MB_54_8, KiKit_MB_54_9, KiKit_MB_55_10, KiKit_MB_55_11, KiKit_MB_55_2, KiKit_MB_55_3, KiKit_MB_55_4, KiKit_MB_55_5, KiKit_MB_55_6, KiKit_MB_55_7, KiKit_MB_55_8, KiKit_MB_55_9, KiKit_MB_56_10, KiKit_MB_56_11, KiKit_MB_56_2, KiKit_MB_56_3, KiKit_MB_56_4, KiKit_MB_56_5, KiKit_MB_56_6, KiKit_MB_56_7, KiKit_MB_56_8, KiKit_MB_56_9, KiKit_MB_5_1, KiKit_MB_5_2, KiKit_MB_5_3, KiKit_MB_5_4, KiKit_MB_5_5, KiKit_MB_6_1, KiKit_MB_6_2, KiKit_MB_6_3, KiKit_MB_6_4, KiKit_MB_6_5, KiKit_MB_7_1, KiKit_MB_7_2, KiKit_MB_7_3, KiKit_MB_7_4, KiKit_MB_7_5, KiKit_MB_8_1, KiKit_MB_8_2, KiKit_MB_8_3, KiKit_MB_8_4, KiKit_MB_8_5, KiKit_MB_9_1, KiKit_MB_9_2, KiKit_MB_9_3, KiKit_MB_9_4, KiKit_MB_9_5, KiKit_MB_9_6, KiKit_TO_1, KiKit_TO_2, KiKit_TO_3",NPTH,147,NPTH,
"L1.0, L1.1, L1.2, L1.3, L1.4, L1.5",1008,6,6.8uH,C98340
"R1.0, R1.1, R1.2, R1.3, R1.4, R1.5, R10.2, R10.5, R11.2, R11.5, R12.0, R12.2, R12.3, R12.5, R16.0, R16.3, R2.0, R2.1, R2.2, R2.3, R2.4, R2.5, R3.0, R3.1, R3.3, R3.4, R4.0, R4.1, R4.2, R4.3, R4.4, R4.5, R5.0, R5.1, R5.2, R5.3, R5.4, R5.5, R6.0, R6.1, R6.3, R6.4, R7.2, R7.5, R8.2, R8.5, R9.2, R9.5",0402,48,10K,C25744
"R10.0, R10.3, R11.0, R11.3, R8.0, R8.3, R9.0, R9.3",0402,8,499R,C25076
"R13.0, R13.1, R13.3, R13.4",0402,4,100R,C25076
"R14.0, R14.1, R14.2, R14.3, R14.4, R14.5",0402,6,182k,C11481
"R15.0, R15.1, R15.2, R15.3, R15.4, R15.5",0402,6,62k,C137950
"R7.0, R7.1, R7.3, R7.4",0402,4,309k,C159040
"U1.0, U1.1, U1.2, U1.3, U1.4, U1.5",TSOT-23-6,6,AP63201WU,C2071044
"U2.0, U2.3",TSSOP-10_3x3mm_P0.5mm,2,ADS1115IDGS,C37593
"U2.1, U2.2, U2.4, U2.5",SOIC-16_3.9x9.9mm_P1.27mm,4,TBD62003AFWG,C114084
"U3.0, U3.1, U3.2, U3.3, U3.4, U3.5",ESP32-C3-WROOM-02,6,ESP32-C3-WROOM-02,C2934560
"U4.0, U4.3",SOT-23-5,2,LP5907MFX-3.0,C475492
"U5.0, U5.3",SOT-23-6,2,MCP4725xxx-xCH,C144198
"Y1.0, Y1.1, Y1.2, Y1.3, Y1.4, Y1.5",Crystal_SMD_3215-2Pin_3.2x1.5mm,6,32.768khz 3215 12.5pf,C32346
